[{"id":"user-image-9667c06a-b92c-447d-9881-1d93516485c9.jpg","publicUrl":"np://user.desktop.nicepage.com/Site_466909246/images/9667c06a-b92c-447d-9881-1d93516485c9.jpg","size":132572,"hash":"K57n5YgHYOzhpqTY4W9+PhTRXYU=","fileName":"9667c06a-b92c-447d-9881-1d93516485c9.jpg","name":"9667c06a-b92c-447d-9881-1d93516485c9","width":1645,"height":1080,"thumbnail":{"url":"np://user.desktop.nicepage.com/Site_466909246/images/thumbnails/9667c06a-b92c-447d-9881-1d93516485c9.jpg","width":250,"height":164},"folderId":null,"originalUrl":"//images01.nicepage.com/c461c07a441a5d220e8feb1a/929b410ce42b54968cb70122/9667c06a-b92c-447d-9881-1d93516485c9.jpg","usages":["288816581"]},{"id":"user-image-pexels-photo-135020.jpeg","publicUrl":"np://user.desktop.nicepage.com/Site_466909246/images/pexels-photo-135020.jpeg","size":131314,"hash":"h8nTuRi4+yLsoDNPVCX3qCe1t8c=","fileName":"pexels-photo-135020.jpeg","name":"pexels-photo-135020","width":1620,"height":1080,"thumbnail":{"url":"np://user.desktop.nicepage.com/Site_466909246/images/thumbnails/pexels-photo-135020.jpeg","width":250,"height":167},"folderId":null,"originalUrl":"//images01.nicepage.com/a1389d7bc73adea1e1c1fb7e/e1bb06e250f35786a022ce6b/pexels-photo-135020.jpeg","usages":["894206067"]}]