[{"id":2363104970,"status":2,"title":"Blog Template","order":1,"templateKey":"blog","customTemplate":false,"customTemplateFilename":null,"pageLinks":[],"dateCreated":"2023-08-10T14:22:53.586Z","dateUpdated":"2023-08-10T14:22:55.513Z","folderId":null,"pageName":"Blog Template"},{"id":74936266,"status":2,"title":"Post Template","order":2,"templateKey":"post","customTemplate":false,"customTemplateFilename":null,"pageLinks":[],"dateCreated":"2023-08-10T14:22:53.791Z","dateUpdated":"2023-08-10T14:22:55.596Z","folderId":null,"pageName":"Post Template"},{"id":3089418294,"status":2,"title":"Product List Template","order":3,"templateKey":"products","customTemplate":false,"customTemplateFilename":null,"pageLinks":[],"dateCreated":"2023-08-10T14:22:53.969Z","dateUpdated":"2023-08-10T14:22:55.678Z","folderId":null,"pageName":"Product List Template"},{"id":91510852,"status":2,"title":"Product Details Template","order":4,"templateKey":"product","customTemplate":false,"customTemplateFilename":null,"pageLinks":[],"dateCreated":"2023-08-10T14:22:54.165Z","dateUpdated":"2023-08-10T14:22:55.761Z","folderId":null,"pageName":"Product Details Template"},{"id":385513332,"status":2,"title":"Shopping Cart Template","order":5,"templateKey":"cart","customTemplate":false,"customTemplateFilename":null,"pageLinks":[],"dateCreated":"2023-08-10T14:22:54.336Z","dateUpdated":"2023-08-10T14:22:55.854Z","folderId":null,"pageName":"Shopping Cart Template"},{"id":2968022496,"status":2,"title":"Checkout Template","order":6,"templateKey":"checkout","customTemplate":false,"customTemplateFilename":null,"pageLinks":[],"dateCreated":"2023-08-10T14:22:54.724Z","dateUpdated":"2023-08-10T14:22:55.937Z","folderId":null,"pageName":"Checkout Template"},{"id":2785527686,"status":2,"title":"Login Template","order":7,"templateKey":"login","customTemplate":false,"customTemplateFilename":null,"pageLinks":[],"dateCreated":"2023-08-10T14:22:54.862Z","dateUpdated":"2023-08-10T14:22:56.012Z","folderId":null,"pageName":"Login Template"},{"id":2717404506,"status":2,"title":"Page Password Template","order":8,"templateKey":"password","customTemplate":false,"customTemplateFilename":null,"pageLinks":[],"dateCreated":"2023-08-10T14:22:54.955Z","dateUpdated":"2023-08-10T14:22:56.096Z","folderId":null,"pageName":"Page Password Template"},{"id":10573601,"status":2,"title":"404 Not Found Template","order":9,"templateKey":"404","customTemplate":false,"customTemplateFilename":null,"pageLinks":[],"dateCreated":"2023-08-10T14:22:55.043Z","dateUpdated":"2023-08-10T14:22:56.196Z","folderId":null,"pageName":"404 Not Found Template"},{"id":76024371,"status":2,"title":"Home","order":50,"templateKey":null,"customTemplate":false,"customTemplateFilename":null,"pageLinks":[],"dateCreated":"2023-08-10T14:23:10.270Z","dateUpdated":"2023-08-10T18:02:42.603Z","folderId":null,"pageName":"Home_76024371"},{"id":894206067,"status":2,"title":"Blog_main","order":100,"templateKey":null,"customTemplate":false,"customTemplateFilename":null,"pageLinks":[],"dateCreated":"2023-08-10T14:22:55.122Z","dateUpdated":"2023-08-10T18:00:02.552Z","folderId":2762122857,"pageName":"Blog_main_894206067"},{"id":288816581,"status":2,"title":"Contact","order":101,"templateKey":null,"customTemplate":false,"customTemplateFilename":null,"pageLinks":[],"dateCreated":"2023-08-10T14:22:55.172Z","dateUpdated":"2023-08-10T18:07:24.031Z","folderId":2762122857,"pageName":"Contact_288816581"},{"id":2762122857,"isFolder":true,"title":"app","status":2,"order":null,"dateCreated":null,"dateUpdated":null,"folderId":null}]